{
	"format_version": "1.21.70",
	"minecraft:lighting_settings": {
		"description": {
			"identifier": "minecraft:pale_garden_lighting"
		},
		"directional_lights": {
			"sun": {
				"illuminance": {
					"0.000000": 5.0,
					"0.050000": 5.0,
					"1.000000": 5.0,
					"0.313846": 0.0,
					"0.684230": 0.0,
					"0.950000": 5.0
				},
				"color": {
					"0.717949": [
						195,
						216,
						255
					],
					"0.250000": [
						195,
						216,
						255
					],
					"0.140811": [
						195,
						216,
						255
					],
					"0.216944": [
						195,
						216,
						255
					],
					"0.314561": [
						195,
						216,
						255
					],
					"0.269504": [
						195,
						216,
						255
					],
					"0.506998": [
						195,
						216,
						255
					],
					"0.801062": [
						195,
						216,
						255
					],
					"1.000000": [
						195,
						216,
						255
					]
				}
			},
			"moon": {
				"illuminance": {
					"0.750000": 0.0,
					"0.000000": 0.0,
					"0.200000": 0.0,
					"1.000000": 0.0,
					"0.225000": 0.4,
					"0.735000": 0.4
				},
				"color": {
					"0.000000": [
						217,
						225,
						255
					],
					"1.000000": [
						217,
						225,
						255
					]
				}
			}
		},
		"ambient": {
			"color": "#FFFFFF",
			"illuminance": 5.0
		}
	}
}